[
  {
    "firstName": "Parker",
    "lastName": "Lubowitz",
    "userName": "Patton Down DeHatches",
    "password": "DmFPPuM9",
    "email": "lanette.cronin.dvm@yahoo.com"
  },
  {
    "firstName": "Gray",
    "lastName": "Buckridge",
    "userName": "Misty Shore",
    "password": "ztThfXcB",
    "email": "granville.rempel.lld@hotmail.com"
  },
  {
    "firstName": "Armani",
    "lastName": "Bartoletti",
    "userName": "Evan Lee Arps",
    "password": "yyOyZxyf",
    "email": "clifford.grant@gmail.com"
  },
  {
    "firstName": "Spencer",
    "lastName": "Hilpert",
    "userName": "Annie Matter",
    "password": "N34V2V7e",
    "email": "ladonna.rutherford@hotmail.com"
  },
  {
    "firstName": "Quinn",
    "lastName": "Littel",
    "userName": "Annette Curtain",
    "password": "Z0fjMj3a",
    "email": "rev.lanie.brakus@yahoo.com"
  },
  {
    "firstName": "Briar",
    "lastName": "McDermott",
    "userName": "Anita Bath",
    "password": "QpwCyfoD",
    "email": "ema.walsh@hotmail.com"
  },
  {
    "firstName": "Jordan",
    "lastName": "Reilly",
    "userName": "Missy Sippy",
    "password": "xyaeqYbq",
    "email": "chiquita.kub@hotmail.com"
  },
  {
    "firstName": "Drew",
    "lastName": "Fahey",
    "userName": "Iona Ford",
    "password": "FdEaLUps",
    "email": "dick.mayert.esq@gmail.com"
  },
  {
    "firstName": "Quinn",
    "lastName": "Ernser",
    "userName": "Max Little",
    "password": "5Gg1RjUH",
    "email": "myrtle.kulas.cpa@yahoo.com"
  },
  {
    "firstName": "Justice",
    "lastName": "Ratke",
    "userName": "Brock Lee",
    "password": "dvfUErtM",
    "email": "msgr.oralee.marvin@hotmail.com"
  },
  {
    "firstName": "Alexis",
    "lastName": "Wehner",
    "userName": "Jed I. Knight",
    "password": "f2yBeOyf",
    "email": "fr.mayme.luettgen@hotmail.com"
  }
]